team1Name,team1Score,team2Name,team2Score,location,result,total,overtime,old_game_id,gsis,nfl_detail_id,pfr,pff,espn,ftn,away_rest,home_rest,away_moneyline,home_moneyline,spread_line,away_spread_odds,home_spread_odds,total_line,under_odds,over_odds,div_game,roof,surface,temp,wind,away_qb_id,home_qb_id,away_qb_name,home_qb_name,away_coach,home_coach,referee,stadium_id,stadium
GB,16,SEA,36,Home,20,52,0,2014090400,56170,,201409040sea,3074,400554214,,7,7,205,-230,4.5,-102,-108,46.5,-102,-108,0,outdoors,fieldturf,71,11,00-0023459,00-0029263,Aaron Rodgers,Russell Wilson,Mike McCarthy,Pete Carroll,John Parry,SEA00,CenturyLink Field
NO,34,ATL,37,Home,3,71,1,2014090700,56171,,201409070atl,3075,400554215,,7,7,-160,144,-3,-106,-104,51,-104,-106,1,dome,fieldturf,,,00-0020531,00-0026143,Drew Brees,Matt Ryan,Sean Payton,Mike Smith,Bill Leavy,ATL00,Georgia Dome
CIN,23,BAL,16,Home,-7,39,0,2014090701,56172,,201409070rav,3076,400554229,,7,7,102,-113,1,-104,-106,43.5,-103,-107,1,outdoors,sportturf,74,8,00-0027973,00-0026158,Andy Dalton,Joe Flacco,Marvin Lewis,John Harbaugh,Gene Stetatore,BAL00,M&T Bank Stadium
BUF,23,CHI,20,Home,-3,43,1,2014090702,56173,,201409070chi,3077,400554232,,7,7,239,-270,7,-125,113,47,-110,100,0,outdoors,grass,74,3,00-0030526,00-0024226,EJ Manuel,Jay Cutler,Doug Marrone,Marc Trestman,Brad Allen,CHI98,Soldier Field
WAS,6,HOU,17,Home,11,23,0,2014090703,56174,,201409070htx,3078,400554256,,7,7,159,-177,3,111,-123,43.5,-115,104,0,closed,grass,,,00-0029665,00-0023682,Robert Griffin,Ryan Fitzpatrick,Jay Gruden,Bill O'Brien,Jerome Boger,HOU00,NRG Stadium
TEN,26,KC,10,Home,-16,36,0,2014090704,56175,,201409070kan,3079,400554260,,7,7,144,-160,3,-103,-107,45.5,-109,-101,0,outdoors,grass,69,7,00-0027946,00-0023436,Jake Locker,Alex Smith,Ken Whisenhunt,Andy Reid,Ronald Torbert,KAN00,Arrowhead Stadium
NE,20,MIA,33,Home,13,53,0,2014090705,56176,,201409070mia,3080,400554262,,7,7,-179,161,-3.5,102,-113,47.5,-108,-102,1,outdoors,grass,89,0,00-0019596,00-0029701,Tom Brady,Ryan Tannehill,Bill Belichick,Joe Philbin,Walt Anderson,MIA00,Sun Life Stadium
OAK,14,NYJ,19,Home,5,33,0,2014090706,56177,,201409070nyj,3081,400554226,,7,7,246,-278,6.5,-102,-108,41,-105,-105,0,outdoors,fieldturf,76,12,00-0031280,00-0030565,Derek Carr,Geno Smith,Dennis Allen,Rex Ryan,Craig Wrolstad,NYC01,MetLife Stadium
JAX,17,PHI,34,Home,17,51,0,2014090707,56178,,201409070phi,3082,400554223,,7,7,435,-515,10,-113,102,49,-110,100,0,outdoors,grass,75,9,00-0026197,00-0029567,Chad Henne,Nick Foles,Gus Bradley,Chip Kelly,Jeff Triplette,PHI00,Lincoln Financial Field
CLE,27,PIT,30,Home,3,57,0,2014090708,56179,,201409070pit,3083,400554221,,7,7,216,-242,5.5,-103,-107,41.5,-106,-104,1,outdoors,grass,71,6,00-0026625,00-0022924,Brian Hoyer,Ben Roethlisberger,Mike Pettine,Mike Tomlin,Carl Cheffers,PIT00,Heinz Field
MIN,34,STL,6,Home,-28,40,0,2014090709,56180,,201409070ram,3084,400554217,,7,7,140,-155,3,-113,102,43.5,-114,103,0,dome,astroplay,,,00-0023662,00-0020679,Matt Cassel,Shaun Hill,Mike Zimmer,Jeff Fisher,Ed Hochuli,STL00,Edward Jones Dome
SF,28,DAL,17,Home,-11,45,0,2014090710,56181,,201409070dal,3085,400554269,,7,7,-154,139,-3.5,113,-125,49,100,-110,0,closed,matrixturf,,,00-0027974,00-0021678,Colin Kaepernick,Tony Romo,Jim Harbaugh,Jason Garrett,Terry McAulay,DAL00,AT&T Stadium
CAR,20,TB,14,Home,-6,34,0,2014090711,56182,,201409070tam,3086,400554266,,7,7,201,-225,5.5,-106,-104,38.5,-108,-102,1,outdoors,grass,88,6,00-0023645,00-0021206,Derek Anderson,Josh McCown,Ron Rivera,Lovie Smith,Peter Morelli,TAM00,Raymond James Stadium
IND,24,DEN,31,Home,7,55,0,2014090712,56183,,201409070den,3087,400554273,,7,7,330,-380,8,-105,-105,52.5,100,-110,0,outdoors,grass,75,6,00-0029668,00-0010346,Andrew Luck,Peyton Manning,Chuck Pagano,John Fox,Tony Corrente,DEN00,Sports Authority Field at Mile High
NYG,14,DET,35,Home,21,49,0,2014090800,56184,,201409080det,3088,400554296,,7,7,241,-272,6.5,100,-110,45,100,-110,0,dome,fieldturf,,,00-0022803,00-0026498,Eli Manning,Matthew Stafford,Tom Coughlin,Jim Caldwell,Clete Blakeman,DET00,Ford Field
SD,17,ARI,18,Home,1,35,0,2014090801,56185,,201409080crd,3089,400554301,,7,7,139,-154,3,-108,-102,45.5,-105,-105,0,closed,grass,,,00-0022942,00-0021429,Philip Rivers,Carson Palmer,Mike McCoy,Bruce Arians,Bill Vinovich,PHO00,University of Phoenix Stadium
PIT,6,BAL,26,Home,20,32,0,2014091100,56186,,201409110rav,3090,400554196,,4,4,136,-150,2.5,109,-120,44,-108,-102,1,outdoors,sportturf,82,6,00-0022924,00-0026158,Ben Roethlisberger,Joe Flacco,Mike Tomlin,John Harbaugh,Ed Hochuli,BAL00,M&T Bank Stadium
MIA,10,BUF,29,Home,19,39,0,2014091400,56187,,201409140buf,3091,400554198,,7,7,102,-113,1,-105,-105,43,-105,-105,1,outdoors,a_turf,58,4,00-0029701,00-0030526,Ryan Tannehill,EJ Manuel,Joe Philbin,Doug Marrone,Clete Blakeman,BUF00,Ralph Wilson Stadium
DET,7,CAR,24,Home,17,31,0,2014091401,56188,,201409140car,3092,400554249,,6,7,102,-113,1,-105,-105,43.5,101,-111,0,outdoors,grass,70,9,00-0026498,00-0027939,Matthew Stafford,Cam Newton,Jim Caldwell,Ron Rivera,Jerome Boger,CAR00,Bank of America Stadium
ATL,10,CIN,24,Home,14,34,0,2014091402,56189,,201409140cin,3093,400554245,,7,7,216,-242,5.5,-108,-102,48.5,-109,-101,0,outdoors,fieldturf,66,4,00-0026143,00-0027973,Matt Ryan,Andy Dalton,Mike Smith,Marvin Lewis,Bill Vinovich,CIN00,Paul Brown Stadium
NO,24,CLE,26,Home,2,50,0,2014091403,56190,,201409140cle,3094,400554241,,7,7,-220,197,-4.5,-110,100,49.5,-103,-107,0,outdoors,grass,61,6,00-0020531,00-0026625,Drew Brees,Brian Hoyer,Sean Payton,Mike Pettine,Craig Wrolstad,CLE00,FirstEnergy Stadium
NE,30,MIN,7,Home,-23,37,0,2014091404,56191,,201409140min,3095,400554235,,7,7,-164,148,-3.5,118,-130,49,-108,-102,0,outdoors,fieldturf,58,0,00-0019596,00-0023662,Tom Brady,Matt Cassel,Bill Belichick,Mike Zimmer,Tony Corrente,MIN98,TCF Bank Stadium
ARI,25,NYG,14,Home,-11,39,0,2014091405,56192,,201409140nyg,3096,400554211,,6,6,104,-115,1,-102,-108,41.5,-102,-108,0,outdoors,fieldturf,66,1,00-0025430,00-0022803,Drew Stanton,Eli Manning,Bruce Arians,Tom Coughlin,John Parry,NYC01,MetLife Stadium
DAL,26,TEN,10,Home,-16,36,0,2014091406,56193,,201409140oti,3097,400554206,,7,7,151,-167,3,102,-113,49.5,-102,-108,0,outdoors,grass,75,2,00-0021678,00-0027946,Tony Romo,Jake Locker,Jason Garrett,Ken Whisenhunt,Walt Coleman,NAS00,LP Field
JAX,10,WAS,41,Home,31,51,0,2014091407,56194,,201409140was,3098,400554202,,7,7,197,-220,5,-113,102,43,-108,-102,0,outdoors,grass,65,6,00-0026197,00-0029665,Chad Henne,Robert Griffin,Gus Bradley,Jay Gruden,Ronald Torbert,WAS00,FedExField
SEA,21,SD,30,Home,9,51,0,2014091408,56195,,201409140sdg,3099,400554278,,10,6,-225,201,-4.5,-109,-101,45,-106,-104,0,outdoors,grass,94,8,00-0029263,00-0022942,Russell Wilson,Philip Rivers,Pete Carroll,Mike McCoy,Peter Morelli,SDG00,Qualcomm Stadium
STL,19,TB,17,Home,-2,36,0,2014091409,56196,,201409140tam,3100,400554274,,7,7,184,-205,4,-105,-105,37.5,-105,-105,0,outdoors,grass,88,8,00-0028957,00-0021206,Austin Davis,Josh McCown,Jeff Fisher,Lovie Smith,Jeff Triplette,TAM00,Raymond James Stadium
KC,17,DEN,24,Home,7,41,0,2014091410,56197,,201409140den,3101,400554291,,7,7,704,-900,13,102,-113,49,-105,-105,1,outdoors,grass,85,7,00-0023436,00-0010346,Alex Smith,Peyton Manning,Andy Reid,John Fox,Gene Steratore,DEN00,Sports Authority Field at Mile High
NYJ,24,GB,31,Home,7,55,0,2014091411,56198,,201409140gnb,3102,400554287,,7,10,273,-310,7,-106,-104,46.5,100,-110,0,outdoors,grass,63,15,00-0030565,00-0023459,Geno Smith,Aaron Rodgers,Rex Ryan,Mike McCarthy,Walt Anderson,GNB00,Lambeau Field
HOU,30,OAK,14,Home,-16,44,0,2014091412,56199,,201409140rai,3103,400554284,,7,7,-155,140,-3,-105,-105,41,-102,-108,0,outdoors,grass,67,16,00-0023682,00-0031280,Ryan Fitzpatrick,Derek Carr,Bill O'Brien,Dennis Allen,Brad Allen,OAK00,O.co Coliseum
CHI,28,SF,20,Home,-8,48,0,2014091413,56200,,201409140sfo,3104,400554314,,7,7,264,-300,7,-113,102,47,-105,-105,0,outdoors,grass,78,10,00-0024226,00-0027974,Jay Cutler,Colin Kaepernick,Marc Trestman,Jim Harbaugh,Carl Cheffers,SFO01,Levi's Stadium
PHI,30,IND,27,Home,-3,57,0,2014091500,56201,,201409150clt,3105,400554318,,8,8,132,-146,3,-117,106,53.5,100,-110,0,closed,fieldturf,,,00-0029567,00-0029668,Nick Foles,Andrew Luck,Chip Kelly,Chuck Pagano,Terry McAulay,IND00,Lucas Oil Stadium
TB,14,ATL,56,Home,42,70,0,2014091800,56202,,201409180atl,3106,400554194,,4,4,245,-277,6.5,-102,-108,47,-103,-107,1,dome,fieldturf,,,00-0021206,00-0026143,Josh McCown,Matt Ryan,Lovie Smith,Mike Smith,Craig Wrolstad,ATL00,Georgia Dome
SD,22,BUF,10,Home,-12,32,0,2014092100,56203,,201409210buf,3107,400554195,,7,7,118,-130,2.5,-105,-105,45.5,100,-110,0,outdoors,a_turf,72,24,00-0022942,00-0030526,Philip Rivers,EJ Manuel,Mike McCoy,Doug Marrone,John Parry,BUF00,Ralph Wilson Stadium
TEN,7,CIN,33,Home,26,40,0,2014092101,56204,,201409210cin,3108,400554237,,7,7,235,-265,6.5,-105,-105,44.5,-103,-107,0,outdoors,fieldturf,74,20,00-0027946,00-0027973,Jake Locker,Andy Dalton,Ken Whisenhunt,Marvin Lewis,Brad Allen,CIN00,Paul Brown Stadium
BAL,23,CLE,21,Home,-2,44,0,2014092102,56205,,201409210cle,3109,400554240,,10,7,-123,111,-2,-105,-105,43,-108,-102,1,outdoors,grass,71,23,00-0026158,00-0026625,Joe Flacco,Brian Hoyer,John Harbaugh,Mike Pettine,Bill Leavy,CLE00,FirstEnergy Stadium
GB,7,DET,19,Home,12,26,0,2014092103,56206,,201409210det,3110,400554244,,7,7,111,-123,1.5,-101,-109,51,-105,-105,1,dome,fieldturf,,,00-0023459,00-0026498,Aaron Rodgers,Matthew Stafford,Mike McCarthy,Jim Caldwell,Carl Cheffers,DET00,Ford Field
IND,44,JAX,17,Home,-27,61,0,2014092104,56207,,201409210jax,3111,400554247,,6,7,-260,231,-6,-110,100,45.5,-105,-105,1,outdoors,grass,85,5,00-0029668,00-0026197,Andrew Luck,Chad Henne,Chuck Pagano,Gus Bradley,Walt Coleman,JAX00,EverBank Field
OAK,9,NE,16,Home,7,25,0,2014092105,56208,,201409210nwe,3112,400554250,,7,7,704,-900,14,-119,108,47.5,-101,-109,0,outdoors,fieldturf,78,11,00-0031280,00-0019596,Derek Carr,Tom Brady,Dennis Allen,Bill Belichick,Peter Morelli,BOS00,Gillette Stadium
MIN,9,NO,20,Home,11,29,0,2014092106,56209,,201409210nor,3113,400554213,,7,7,442,-525,10,-108,-102,49.5,-105,-105,0,dome,sportturf,,,00-0023662,00-0020531,Matt Cassel,Drew Brees,Mike Zimmer,Sean Payton,Walt Anderson,NOR00,Mercedes-Benz Superdome
HOU,17,NYG,30,Home,13,47,0,2014092107,56210,,201409210nyg,3114,400554208,,7,7,103,-114,1,-103,-107,41.5,100,-110,0,outdoors,fieldturf,70,4,00-0023682,00-0022803,Ryan Fitzpatrick,Eli Manning,Bill O'Brien,Tom Coughlin,Terry McAulay,NYC01,MetLife Stadium
WAS,34,PHI,37,Home,3,71,0,2014092108,56211,,201409210phi,3115,400554203,,7,6,187,-209,4,-103,-107,50.5,100,-110,1,outdoors,grass,79,4,00-0029604,00-0029567,Kirk Cousins,Nick Foles,Jay Gruden,Chip Kelly,Tony Corrente,PHI00,Lincoln Financial Field
DAL,34,STL,31,Home,-3,65,0,2014092109,56212,,201409210ram,3116,400554199,,7,7,-120,109,-1.5,-105,-105,45,-107,-103,0,dome,astroplay,,,00-0021678,00-0028957,Tony Romo,Austin Davis,Jason Garrett,Jeff Fisher,Clete Blakeman,STL00,Edward Jones Dome
SF,14,ARI,23,Home,9,37,0,2014092110,56213,,201409210crd,3117,400554253,,7,7,-150,136,-3,106,-117,41,-102,-108,1,closed,grass,,,00-0027974,00-0025430,Colin Kaepernick,Drew Stanton,Jim Harbaugh,Bruce Arians,Gene Steratore,PHO00,University of Phoenix Stadium
KC,34,MIA,15,Home,-19,49,0,2014092111,56214,,201409210mia,3118,400554280,,7,7,216,-242,6,-110,100,43,-102,-108,0,outdoors,grass,88,4,00-0023436,00-0029701,Alex Smith,Ryan Tannehill,Andy Reid,Joe Philbin,Jeff Triplette,MIA00,Sun Life Stadium
DEN,20,SEA,26,Home,6,46,1,2014092112,56215,,201409210sea,3119,400554276,,7,7,186,-208,4,-105,-105,48,102,-113,0,outdoors,fieldturf,70,7,00-0010346,00-0029263,Peyton Manning,Russell Wilson,John Fox,Pete Carroll,Bill Vinovich,SEA00,CenturyLink Field
PIT,37,CAR,19,Home,-18,56,0,2014092113,56216,,201409210car,3120,400554283,,10,7,171,-190,3,115,-127,42.5,-107,-103,0,outdoors,grass,79,7,00-0022924,00-0027939,Ben Roethlisberger,Cam Newton,Mike Tomlin,Ron Rivera,Ronald Torbert,CAR00,Bank of America Stadium
CHI,27,NYJ,19,Home,-8,46,0,2014092200,56217,,201409220nyj,3121,400554288,,8,8,108,-119,1.5,-105,-105,44.5,-105,-105,0,outdoors,fieldturf,60,10,00-0024226,00-0030565,Jay Cutler,Geno Smith,Marc Trestman,Rex Ryan,Jerome Boger,NYC01,MetLife Stadium
NYG,45,WAS,14,Home,-31,59,0,2014092500,56218,,201409250was,3122,400554201,,4,4,157,-174,3,108,-119,44.5,-105,-105,1,outdoors,grass,64,4,00-0022803,00-0029604,Eli Manning,Kirk Cousins,Tom Coughlin,Jay Gruden,Carl Cheffers,WAS00,FedExField
CAR,10,BAL,38,Home,28,48,0,2014092800,56219,,201409280rav,3123,400554248,,7,7,141,-156,3.5,-130,118,42.5,-110,100,0,outdoors,sportturf,78,4,00-0027939,00-0026158,Cam Newton,Joe Flacco,Ron Rivera,John Harbaugh,Craig Wrolstad,BAL00,M&T Bank Stadium
GB,38,CHI,17,Home,-21,55,0,2014092801,56220,,201409280chi,3124,400554207,,7,6,-123,111,-2,-105,-105,51,-103,-107,1,outdoors,grass,70,3,00-0023459,00-0024226,Aaron Rodgers,Jay Cutler,Mike McCarthy,Marc Trestman,Terry McAulay,CHI98,Soldier Field
BUF,17,HOU,23,Home,6,40,0,2014092802,56221,,201409280htx,3125,400554212,,7,7,121,-134,3,-125,113,44,-105,-105,0,closed,grass,,,00-0030526,00-0023682,EJ Manuel,Ryan Fitzpatrick,Doug Marrone,Bill O'Brien,Bill Vinovich,HOU00,NRG Stadium
TEN,17,IND,41,Home,24,58,0,2014092803,56222,,201409280clt,3126,400554238,,7,7,289,-330,7.5,-117,106,45.5,-108,-102,1,open,fieldturf,,,00-0024296,00-0029668,Charlie Whitehurst,Andrew Luck,Ken Whisenhunt,Chuck Pagano,Jerome Boger,IND00,Lucas Oil Stadium
DET,24,NYJ,17,Home,-7,41,0,2014092805,56223,,201409280nyj,3127,400554252,,7,6,108,-119,2,-109,-101,43.5,-101,-109,0,outdoors,fieldturf,80,0,00-0026498,00-0030565,Matthew Stafford,Geno Smith,Jim Caldwell,Rex Ryan,Walt Coleman,NYC01,MetLife Stadium
MIA,38,OAK,14,Neutral,-24,52,0,2014092806,56224,,201409280rai,3128,400554286,,7,7,-190,171,-4,100,-110,41,-108,-102,0,outdoors,grass,74,6,00-0029701,00-0031280,Ryan Tannehill,Derek Carr,Joe Philbin,Dennis Allen,Bill Leavy,LON00,Wembley Stadium
TB,27,PIT,24,Home,-3,51,0,2014092807,56225,,201409280pit,3129,400554279,,10,7,301,-345,7.5,-120,109,44.5,-105,-105,0,outdoors,grass,74,3,00-0030520,00-0022924,Mike Glennon,Ben Roethlisberger,Lovie Smith,Mike Tomlin,Walt Anderson,PIT00,Heinz Field
JAX,14,SD,33,Home,19,47,0,2014092808,56226,,201409280sdg,3130,400554290,,7,7,461,-550,13,-123,111,45,-105,-105,0,outdoors,grass,73,8,00-0031407,00-0022942,Blake Bortles,Philip Rivers,Gus Bradley,Mike McCoy,Clete Blakeman,SDG00,Qualcomm Stadium
ATL,28,MIN,41,Home,13,69,0,2014092804,56227,,201409280min,3131,400554242,,10,7,-231,206,-5.5,-109,-101,48,-110,100,0,outdoors,fieldturf,82,0,00-0026143,00-0031237,Matt Ryan,Teddy Bridgewater,Mike Smith,Mike Zimmer,Ronald Torbert,MIN98,TCF Bank Stadium
PHI,21,SF,26,Home,5,47,0,2014092809,56228,,201409280sfo,3132,400554315,,7,7,186,-208,3.5,100,-110,48.5,-105,-105,0,outdoors,grass,72,4,00-0029567,00-0027974,Nick Foles,Colin Kaepernick,Chip Kelly,Jim Harbaugh,Ed Hochuli,SFO01,Levi's Stadium
NO,17,DAL,38,Home,21,55,0,2014092810,56229,,201409280dal,3133,400554319,,7,7,-138,125,-3,111,-123,53.5,100,-110,0,closed,matrixturf,,,00-0020531,00-0021678,Drew Brees,Tony Romo,Sean Payton,Jason Garrett,Gene Steratore,DAL00,AT&T Stadium
NE,14,KC,41,Home,27,55,0,2014092900,56230,,201409290kan,3134,400554325,,8,8,-138,125,-3,111,-123,45,-104,-106,0,outdoors,grass,82,3,00-0019596,00-0023436,Tom Brady,Alex Smith,Bill Belichick,Andy Reid,John Parry,KAN00,Arrowhead Stadium
MIN,10,GB,42,Home,32,52,0,2014100200,56231,,201410020gnb,3135,400554197,,4,4,346,-400,8.5,100,-110,46.5,-104,-106,1,outdoors,grass,62,6,00-0027950,00-0023459,Christian Ponder,Aaron Rodgers,Mike Zimmer,Mike McCarthy,Brad Allen,GNB00,Lambeau Field
CHI,24,CAR,31,Home,7,55,0,2014100500,56232,,201410050car,3136,400554200,,7,7,106,-117,1.5,-105,-105,46.5,-113,102,0,outdoors,grass,60,7,00-0024226,00-0027939,Jay Cutler,Cam Newton,Marc Trestman,Ron Rivera,Tony Corrente,CAR00,Bank of America Stadium
HOU,17,DAL,20,Home,3,37,1,2014100501,56233,,201410050dal,3137,400554234,,7,7,210,-235,5,-106,-104,47.5,-107,-103,0,closed,matrixturf,,,00-0023682,00-0021678,Ryan Fitzpatrick,Tony Romo,Bill O'Brien,Jason Garrett,Peter Morelli,DAL00,AT&T Stadium
BUF,17,DET,14,Home,-3,31,0,2014100502,56234,,201410050det,3138,400554236,,7,7,197,-220,4.5,-108,-102,43,-108,-102,0,dome,fieldturf,,,00-0023541,00-0026498,Kyle Orton,Matthew Stafford,Doug Marrone,Jim Caldwell,Craig Wrolstad,DET00,Ford Field
BAL,13,IND,20,Home,7,33,0,2014100503,56235,,201410050clt,3139,400554239,,7,7,126,-139,2.5,102,-113,49.5,-103,-107,0,open,fieldturf,,,00-0026158,00-0029668,Joe Flacco,Andrew Luck,John Harbaugh,Chuck Pagano,Walt Anderson,IND00,Lucas Oil Stadium
PIT,17,JAX,9,Home,-8,26,0,2014100504,56236,,201410050jax,3140,400554243,,7,7,-230,205,-6,100,-110,47,-105,-105,0,outdoors,grass,71,10,00-0022924,00-0031407,Ben Roethlisberger,Blake Bortles,Mike Tomlin,Gus Bradley,Terry McAulay,JAX00,EverBank Field
TB,31,NO,37,Home,6,68,1,2014100505,56237,,201410050nor,3141,400554210,,7,7,461,-550,11,-107,-103,47.5,102,-113,1,dome,sportturf,,,00-0030520,00-0020531,Mike Glennon,Drew Brees,Lovie Smith,Sean Payton,Carl Cheffers,NOR00,Mercedes-Benz Superdome
ATL,20,NYG,30,Home,10,50,0,2014100506,56238,,201410050nyg,3142,400554209,,7,10,176,-196,4,-107,-103,50.5,-104,-106,0,outdoors,fieldturf,55,9,00-0026143,00-0022803,Matt Ryan,Eli Manning,Mike Smith,Tom Coughlin,Ed Hochuli,NYC01,MetLife Stadium
STL,28,PHI,34,Home,6,62,0,2014100507,56239,,201410050phi,3143,400554205,,14,7,175,-195,3.5,-102,-108,48,-101,-109,0,outdoors,grass,59,16,00-0028957,00-0029567,Austin Davis,Nick Foles,Jeff Fisher,Chip Kelly,Bill Vinovich,PHI00,Lincoln Financial Field
CLE,29,TEN,28,Home,-1,57,0,2014100508,56240,,201410050oti,3144,400554204,,14,7,-116,105,-1,-107,-103,44.5,-103,-107,0,outdoors,grass,67,13,00-0026625,00-0027946,Brian Hoyer,Jake Locker,Mike Pettine,Ken Whisenhunt,Gene Steratore,NAS00,LP Field
ARI,20,DEN,41,Home,21,61,0,2014100509,56241,,201410050den,3145,400554246,,14,14,305,-350,8,-104,-106,47,-107,-103,0,outdoors,grass,71,10,00-0025430,00-0010346,Drew Stanton,Peyton Manning,Bruce Arians,John Fox,Bill Leavy,DEN00,Sports Authority Field at Mile High
NYJ,0,SD,31,Home,31,31,0,2014100510,56242,,201410050sdg,3146,400554275,,7,7,256,-290,7,-117,106,44.5,-103,-107,0,outdoors,grass,91,8,00-0030565,00-0022942,Geno Smith,Philip Rivers,Rex Ryan,Mike McCoy,Ronald Torbert,SDG00,Qualcomm Stadium
KC,17,SF,22,Home,5,39,0,2014100511,56243,,201410050sfo,3147,400554251,,6,7,181,-202,4,-102,-108,43.5,-105,-105,0,outdoors,grass,85,1,00-0023436,00-0027974,Alex Smith,Colin Kaepernick,Andy Reid,Jim Harbaugh,Walt Coleman,SFO01,Levi's Stadium
CIN,17,NE,43,Home,26,60,0,2014100512,56244,,201410050nwe,3148,400554277,,14,6,-130,118,-2.5,-108,-102,46,-105,-105,0,outdoors,fieldturf,47,2,00-0027973,00-0019596,Andy Dalton,Tom Brady,Marvin Lewis,Bill Belichick,Jerome Boger,BOS00,Gillette Stadium
SEA,27,WAS,17,Home,-10,44,0,2014100600,56245,,201410060was,3149,400554282,,15,11,-295,260,-7,-102,-108,45.5,100,-110,0,outdoors,grass,67,4,00-0029263,00-0029604,Russell Wilson,Kirk Cousins,Pete Carroll,Jay Gruden,Jeff Triplette,WAS00,FedExField
IND,33,HOU,28,Home,-5,61,0,2014100900,56246,,201410090htx,3150,400554216,,4,4,-125,113,-2.5,-102,-108,46,-110,100,1,closed,grass,,,00-0029668,00-0023682,Andrew Luck,Ryan Fitzpatrick,Chuck Pagano,Bill O'Brien,Ronald Torbert,HOU00,NRG Stadium
NE,37,BUF,22,Home,-15,59,0,2014101201,56248,,201410120buf,3152,400554259,,7,7,106,-117,1,100,-110,44,100,-110,1,outdoors,a_turf,55,6,00-0019596,00-0023541,Tom Brady,Kyle Orton,Bill Belichick,Doug Marrone,Walt Coleman,BUF00,Ralph Wilson Stadium
CAR,37,CIN,37,Home,0,74,1,2014101202,56249,,201410120cin,3153,400554263,,7,7,281,-320,7,100,-110,43.5,-109,-101,0,outdoors,fieldturf,60,5,00-0027939,00-0027973,Cam Newton,Andy Dalton,Ron Rivera,Marvin Lewis,Carl Cheffers,CIN00,Paul Brown Stadium
PIT,10,CLE,31,Home,21,41,0,2014101203,56250,,201410120cle,3154,400554295,,7,7,111,-123,2.5,-110,100,46.5,-110,100,1,outdoors,grass,58,13,00-0022924,00-0026625,Ben Roethlisberger,Brian Hoyer,Mike Tomlin,Mike Pettine,Peter Morelli,CLE00,FirstEnergy Stadium
GB,27,MIA,24,Home,-3,51,0,2014101204,56251,,201410120mia,3155,400554299,,10,14,-115,104,-1.5,100,-110,46.5,-105,-105,0,outdoors,grass,86,13,00-0023459,00-0029701,Aaron Rodgers,Ryan Tannehill,Mike McCarthy,Joe Philbin,Bill Vinovich,MIA00,Sun Life Stadium
DET,17,MIN,3,Home,-14,20,0,2014101205,56252,,201410120min,3156,400554255,,7,10,102,-113,1,-105,-105,43,-103,-107,1,outdoors,fieldturf,53,0,00-0026498,00-0031237,Matthew Stafford,Teddy Bridgewater,Jim Caldwell,Mike Zimmer,John Parry,MIN98,TCF Bank Stadium
DEN,31,NYJ,17,Home,-14,48,0,2014101206,56253,,201410120nyj,3157,400554231,,7,7,-420,361,-10,111,-123,47,103,-114,0,outdoors,fieldturf,61,5,00-0010346,00-0030565,Peyton Manning,Geno Smith,John Fox,Rex Ryan,Brad Allen,NYC01,MetLife Stadium
BAL,48,TB,17,Home,-31,65,0,2014101207,56254,,201410120tam,3158,400554225,,7,7,-177,159,-3.5,104,-115,44,-105,-105,0,outdoors,grass,84,6,00-0026158,00-0030520,Joe Flacco,Mike Glennon,John Harbaugh,Lovie Smith,Jerome Boger,TAM00,Raymond James Stadium
JAX,14,TEN,16,Home,2,30,0,2014101208,56255,,201410120oti,3159,400554222,,7,7,186,-208,4,-102,-108,42.5,-104,-106,1,outdoors,grass,67,7,00-0031407,00-0024296,Blake Bortles,Charlie Whitehurst,Gus Bradley,Ken Whisenhunt,Jeff Triplette,NAS00,LP Field
SD,31,OAK,28,Home,-3,59,0,2014101209,56256,,201410120rai,3160,400554302,,7,14,-340,297,-7,-108,-102,43.5,-103,-107,1,outdoors,grass,77,5,00-0022942,00-0031280,Philip Rivers,Derek Carr,Mike McCoy,Tony Sparano,Tony Corrente,OAK00,O.co Coliseum
WAS,20,ARI,30,Home,10,50,0,2014101210,56257,,201410120crd,3161,400554308,,6,7,205,-230,5,-101,-109,47,-102,-108,0,closed,grass,,,00-0029604,00-0021429,Kirk Cousins,Carson Palmer,Jay Gruden,Bruce Arians,Ed Hochuli,PHO00,University of Phoenix Stadium
CHI,27,ATL,13,Home,-14,40,0,2014101200,56247,,201410120atl,3151,400554220,,7,7,171,-190,3.5,100,-110,55.5,-106,-104,0,dome,fieldturf,,,00-0024226,00-0026143,Jay Cutler,Matt Ryan,Marc Trestman,Mike Smith,Walt Anderson,ATL00,Georgia Dome
DAL,30,SEA,23,Home,-7,53,0,2014101211,56258,,201410120sea,3162,400554305,,7,6,385,-450,10,-108,-102,47,-107,-103,0,outdoors,fieldturf,60,6,00-0021678,00-0029263,Tony Romo,Russell Wilson,Jason Garrett,Pete Carroll,Bill Leavy,SEA00,CenturyLink Field
NYG,0,PHI,27,Home,27,27,0,2014101212,56259,,201410120phi,3163,400554312,,7,7,106,-117,1,100,-110,50.5,100,-110,1,outdoors,grass,57,5,00-0022803,00-0029567,Eli Manning,Nick Foles,Tom Coughlin,Chip Kelly,Clete Blakeman,PHI00,Lincoln Financial Field
SF,31,STL,17,Home,-14,48,0,2014101300,56260,,201410130ram,3164,400554335,,8,8,-188,169,-3.5,103,-114,44,-110,100,1,dome,astroplay,,,00-0027974,00-0028957,Colin Kaepernick,Austin Davis,Jim Harbaugh,Jeff Fisher,Craig Wrolstad,STL00,Edward Jones Dome
NYJ,25,NE,27,Home,2,52,0,2014101600,56261,,201410160nwe,3165,400554219,,4,4,423,-500,9.5,-115,104,44.5,-105,-105,1,outdoors,fieldturf,64,9,00-0030565,00-0019596,Geno Smith,Tom Brady,Rex Ryan,Bill Belichick,Bill Leavy,BOS00,Gillette Stadium
ATL,7,BAL,29,Home,22,36,0,2014101900,56262,,201410190rav,3166,400554228,,7,7,264,-300,7,-113,102,49.5,-101,-109,0,outdoors,sportturf,54,14,00-0026143,00-0026158,Matt Ryan,Joe Flacco,Mike Smith,John Harbaugh,Carl Cheffers,BAL00,M&T Bank Stadium
MIN,16,BUF,17,Home,1,33,0,2014101901,56263,,201410190buf,3167,400554268,,7,7,264,-300,7,-110,100,43.5,-104,-106,0,outdoors,a_turf,41,9,00-0031237,00-0023541,Teddy Bridgewater,Kyle Orton,Mike Zimmer,Doug Marrone,Ed Hochuli,BUF00,Ralph Wilson Stadium
MIA,27,CHI,14,Home,-13,41,0,2014101902,56264,,201410190chi,3168,400554270,,7,7,156,-173,3,106,-117,47.5,100,-110,0,outdoors,grass,50,10,00-0029701,00-0024226,Ryan Tannehill,Jay Cutler,Joe Philbin,Marc Trestman,Peter Morelli,CHI98,Soldier Field
NO,23,DET,24,Home,1,47,0,2014101903,56265,,201410190det,3169,400554271,,14,7,108,-119,1.5,-103,-107,45.5,-105,-105,0,dome,fieldturf,,,00-0020531,00-0026498,Drew Brees,Matthew Stafford,Sean Payton,Jim Caldwell,Terry McAulay,DET00,Ford Field
CAR,17,GB,38,Home,21,55,0,2014101904,56266,,201410190gnb,3170,400554294,,7,7,248,-280,6.5,-105,-105,48.5,-107,-103,0,outdoors,grass,48,12,00-0027939,00-0023459,Cam Newton,Aaron Rodgers,Ron Rivera,Mike McCarthy,Jeff Triplette,GNB00,Lambeau Field
CIN,0,IND,27,Home,27,27,0,2014101905,56267,,201410190clt,3171,400554265,,7,10,161,-179,3,116,-128,50.5,-107,-103,0,open,fieldturf,,,00-0027973,00-0029668,Andy Dalton,Andrew Luck,Marvin Lewis,Chuck Pagano,Gene Steratore,IND00,Lucas Oil Stadium
CLE,6,JAX,24,Home,18,30,0,2014101906,56268,,201410190jax,3172,400554261,,7,7,-202,181,-4,-104,-106,44.5,-105,-105,0,outdoors,grass,76,8,00-0026625,00-0031407,Brian Hoyer,Blake Bortles,Mike Pettine,Gus Bradley,Tony Corrente,JAX00,EverBank Field
SEA,26,STL,28,Home,2,54,0,2014101907,56269,,201410190ram,3173,400554257,,7,6,-305,269,-7,100,-110,43.5,-108,-102,1,dome,astroplay,,,00-0029263,00-0028957,Russell Wilson,Austin Davis,Pete Carroll,Jeff Fisher,Brad Allen,STL00,Edward Jones Dome
TEN,17,WAS,19,Home,2,36,0,2014101908,56270,,201410190was,3174,400554233,,7,7,220,-247,6,-110,100,46,-102,-108,0,outdoors,grass,55,13,00-0024296,00-0029604,Charlie Whitehurst,Kirk Cousins,Ken Whisenhunt,Jay Gruden,Walt Anderson,WAS00,FedExField
KC,23,SD,20,Home,-3,43,0,2014101909,56271,,201410190sdg,3175,400554297,,14,7,139,-154,3,-105,-105,46,-102,-108,1,outdoors,grass,75,2,00-0023436,00-0022942,Alex Smith,Philip Rivers,Andy Reid,Mike McCoy,Bill Vinovich,SDG00,Qualcomm Stadium
NYG,21,DAL,31,Home,10,52,0,2014101910,56272,,201410190dal,3176,400554304,,7,7,205,-230,5,-105,-105,47,100,-110,1,closed,matrixturf,,,00-0022803,00-0021678,Eli Manning,Tony Romo,Tom Coughlin,Jason Garrett,Jerome Boger,DAL00,AT&T Stadium
ARI,24,OAK,13,Home,-11,37,0,2014101911,56273,,201410190rai,3177,400554300,,7,7,-185,166,-3.5,-106,-104,46,-108,-102,0,outdoors,grass,69,6,00-0021429,00-0031280,Carson Palmer,Derek Carr,Bruce Arians,Tony Sparano,Clete Blakeman,OAK00,O.co Coliseum
SF,17,DEN,42,Home,25,59,0,2014101912,56274,,201410190den,3178,400554307,,6,7,264,-300,7,-110,100,48,-102,-108,0,outdoors,grass,67,4,00-0027974,00-0010346,Colin Kaepernick,Peyton Manning,Jim Harbaugh,John Fox,John Parry,DEN00,Sports Authority Field at Mile High
HOU,23,PIT,30,Home,7,53,0,2014102000,56275,,201410200pit,3179,400554311,,11,8,146,-162,3,-104,-106,44.5,-105,-105,0,outdoors,grass,57,6,00-0023682,00-0022924,Ryan Fitzpatrick,Ben Roethlisberger,Bill O'Brien,Mike Tomlin,Walt Coleman,PIT00,Heinz Field
SD,21,DEN,35,Home,14,56,0,2014102300,56276,,201410230den,3180,400554218,,4,4,358,-415,9,-106,-104,51,102,-113,1,outdoors,grass,68,3,00-0022942,00-0010346,Philip Rivers,Peyton Manning,Mike McCoy,John Fox,Terry McAulay,DEN00,Sports Authority Field at Mile High
DET,22,ATL,21,Neutral,-1,43,0,2014102600,56277,,201410260atl,3181,400554224,,7,7,-170,153,-3.5,107,-118,45,-105,-105,0,outdoors,fieldturf,59,13,00-0026498,00-0026143,Matthew Stafford,Matt Ryan,Jim Caldwell,Mike Smith,Peter Morelli,LON00,Wembley Stadium
SEA,13,CAR,9,Home,-4,22,0,2014102601,56278,,201410260car,3182,400554258,,7,7,-240,214,-6,100,-110,44.5,-105,-105,0,outdoors,grass,77,9,00-0029263,00-0027939,Russell Wilson,Cam Newton,Pete Carroll,Ron Rivera,Walt Coleman,CAR00,Bank of America Stadium
BAL,24,CIN,27,Home,3,51,0,2014102602,56279,,201410260cin,3183,400554264,,7,7,-150,136,-2.5,-128,116,44.5,100,-110,1,outdoors,fieldturf,62,6,00-0026158,00-0027973,Joe Flacco,Andy Dalton,John Harbaugh,Marvin Lewis,Clete Blakeman,CIN00,Paul Brown Stadium
MIA,27,JAX,13,Home,-14,40,0,2014102603,56280,,201410260jax,3184,400554267,,7,7,-320,281,-7,-103,-107,42,-104,-106,0,outdoors,grass,76,6,00-0029701,00-0031407,Ryan Tannehill,Blake Bortles,Joe Philbin,Gus Bradley,Jerome Boger,JAX00,EverBank Field
STL,7,KC,34,Home,27,41,0,2014102604,56281,,201410260kan,3185,400554227,,7,7,293,-335,7.5,-110,100,44.5,-103,-107,0,outdoors,grass,70,8,00-0028957,00-0023436,Austin Davis,Alex Smith,Jeff Fisher,Andy Reid,Jeff Triplette,KAN00,Arrowhead Stadium
CHI,23,NE,51,Home,28,74,0,2014102605,56282,,201410260nwe,3186,400554272,,7,10,201,-225,5.5,-104,-106,51,-105,-105,0,outdoors,fieldturf,54,14,00-0024226,00-0019596,Jay Cutler,Tom Brady,Marc Trestman,Bill Belichick,Brad Allen,BOS00,Gillette Stadium
BUF,43,NYJ,23,Home,-20,66,0,2014102606,56283,,201410260nyj,3187,400554298,,7,10,131,-145,3,-115,104,40,-108,-102,1,outdoors,fieldturf,59,16,00-0023541,00-0030565,Kyle Orton,Geno Smith,Doug Marrone,Rex Ryan,Gene Steratore,NYC01,MetLife Stadium
MIN,19,TB,13,Home,-6,32,1,2014102607,56284,,201410260tam,3188,400554254,,7,14,104,-115,1,-102,-108,43,-103,-107,0,outdoors,grass,77,5,00-0031237,00-0030520,Teddy Bridgewater,Mike Glennon,Mike Zimmer,Lovie Smith,Craig Wrolstad,TAM00,Raymond James Stadium
HOU,30,TEN,16,Home,-14,46,0,2014102608,56285,,201410260oti,3189,400554230,,6,7,-180,162,-3.5,-102,-108,43,-107,-103,1,outdoors,grass,73,2,00-0023682,00-0031266,Ryan Fitzpatrick,Zach Mettenberger,Bill O'Brien,Ken Whisenhunt,Bill Leavy,NAS00,LP Field
PHI,20,ARI,24,Home,4,44,0,2014102609,56286,,201410260crd,3190,400554303,,14,7,-105,-105,1,-113,102,49,-105,-105,0,closed,grass,,,00-0029567,00-0021429,Nick Foles,Carson Palmer,Chip Kelly,Bruce Arians,Walt Anderson,PHO00,University of Phoenix Stadium
OAK,13,CLE,23,Home,10,36,0,2014102610,56287,,201410260cle,3191,400554306,,7,7,239,-270,6.5,-110,100,44.5,-105,-105,0,outdoors,grass,55,20,00-0031280,00-0026625,Derek Carr,Brian Hoyer,Tony Sparano,Mike Pettine,Ronald Torbert,CLE00,FirstEnergy Stadium
IND,34,PIT,51,Home,17,85,0,2014102611,56288,,201410260pit,3192,400554310,,7,6,-225,201,-5,-107,-103,48,-105,-105,0,outdoors,grass,62,12,00-0029668,00-0022924,Andrew Luck,Ben Roethlisberger,Chuck Pagano,Mike Tomlin,John Parry,PIT00,Heinz Field
GB,23,NO,44,Home,21,67,0,2014102612,56289,,201410260nor,3193,400554313,,7,7,112,-124,2,-102,-108,55,-107,-103,0,dome,sportturf,,,00-0023459,00-0020531,Aaron Rodgers,Drew Brees,Mike McCarthy,Sean Payton,Ed Hochuli,NOR00,Mercedes-Benz Superdome
WAS,20,DAL,17,Home,-3,37,1,2014102700,56290,,201410270dal,3194,400554336,,8,8,369,-430,9.5,100,-110,49,100,-110,1,closed,matrixturf,,,00-0027688,00-0021678,Colt McCoy,Tony Romo,Jay Gruden,Jason Garrett,Tony Corrente,DAL00,AT&T Stadium
NO,28,CAR,10,Home,-18,38,0,2014103000,56291,,201410300car,3195,400554309,,4,4,-162,146,-3,-113,102,48.5,-109,-101,1,outdoors,grass,58,3,00-0020531,00-0027939,Drew Brees,Cam Newton,Sean Payton,Ron Rivera,Clete Blakeman,CAR00,Bank of America Stadium
JAX,23,CIN,33,Home,10,56,0,2014110200,56292,,201411020cin,3196,400554344,,7,7,393,-460,10,-107,-103,44,-108,-102,0,outdoors,fieldturf,42,3,00-0031407,00-0027973,Blake Bortles,Andy Dalton,Gus Bradley,Marvin Lewis,Ronald Torbert,CIN00,Paul Brown Stadium
TB,17,CLE,22,Home,5,39,0,2014110201,56293,,201411020cle,3197,400554334,,7,7,281,-320,7,-105,-105,44,-110,100,0,outdoors,grass,42,8,00-0030520,00-0026625,Mike Glennon,Brian Hoyer,Lovie Smith,Mike Pettine,Terry McAulay,CLE00,FirstEnergy Stadium
ARI,28,DAL,17,Home,-11,45,0,2014110202,56294,,201411020dal,3198,400554337,,7,6,108,-119,1.5,-105,-105,45,102,-113,0,closed,matrixturf,,,00-0021429,00-0029677,Carson Palmer,Brandon Weeden,Bruce Arians,Jason Garrett,Craig Wrolstad,DAL00,AT&T Stadium
PHI,31,HOU,21,Home,-10,52,0,2014110203,56295,,201411020htx,3199,400554339,,7,7,-114,103,-1.5,-102,-108,48.5,-105,-105,0,closed,grass,,,00-0029567,00-0023682,Nick Foles,Ryan Fitzpatrick,Chip Kelly,Bill O'Brien,John Parry,HOU00,NRG Stadium
NYJ,10,KC,24,Home,14,34,0,2014110204,56296,,201411020kan,3200,400554341,,7,7,377,-440,9.5,-105,-105,41.5,-102,-108,0,outdoors,grass,57,20,00-0020245,00-0023436,Michael Vick,Alex Smith,Rex Ryan,Andy Reid,Tony Corrente,KAN00,Arrowhead Stadium
SD,0,MIA,37,Home,37,37,0,2014110205,56297,,201411020mia,3201,400554347,,10,7,130,-144,3,-114,103,45.5,-102,-108,0,outdoors,grass,70,16,00-0022942,00-0029701,Philip Rivers,Ryan Tannehill,Mike McCoy,Joe Philbin,Brad Allen,MIA00,Sun Life Stadium
WAS,26,MIN,29,Home,3,55,0,2014110206,56298,,201411020min,3202,400554351,,6,7,-112,102,-1,-105,-105,43.5,-110,100,0,outdoors,fieldturf,50,10,00-0029665,00-0031237,Robert Griffin,Teddy Bridgewater,Jay Gruden,Mike Zimmer,Gene Steratore,MIN98,TCF Bank Stadium
STL,13,SF,10,Home,-3,23,0,2014110207,56299,,201411020sfo,3203,400554377,,7,14,446,-530,10.5,-106,-104,44,-102,-108,1,outdoors,grass,61,8,00-0028957,00-0027974,Austin Davis,Colin Kaepernick,Jeff Fisher,Jim Harbaugh,Jerome Boger,SFO01,Levi's Stadium
DEN,21,NE,43,Home,22,64,0,2014110208,56300,,201411020nwe,3204,400554381,,10,7,-152,137,-3,-104,-106,52.5,-106,-104,0,outdoors,fieldturf,35,19,00-0010346,00-0019596,Peyton Manning,Tom Brady,John Fox,Bill Belichick,Walt Anderson,BOS00,Gillette Stadium
OAK,24,SEA,30,Home,6,54,0,2014110209,56301,,201411020sea,3205,400554385,,7,7,638,-800,13.5,-113,102,43.5,-105,-105,0,outdoors,fieldturf,54,9,00-0031280,00-0029263,Derek Carr,Russell Wilson,Tony Sparano,Pete Carroll,Ed Hochuli,SEA00,CenturyLink Field
BAL,23,PIT,43,Home,20,66,0,2014110210,56302,,201411020pit,3206,400554389,,7,7,116,-128,2.5,-108,-102,47.5,-105,-105,1,outdoors,grass,38,6,00-0026158,00-0022924,Joe Flacco,Ben Roethlisberger,John Harbaugh,Mike Tomlin,Bill Vinovich,PIT00,Heinz Field
IND,40,NYG,24,Home,-16,64,0,2014110300,56303,,201411030nyg,3207,400554393,,8,15,-149,135,-3,102,-113,51,102,-113,0,outdoors,fieldturf,55,6,00-0029668,00-0022803,Andrew Luck,Eli Manning,Chuck Pagano,Tom Coughlin,Carl Cheffers,NYC01,MetLife Stadium
CLE,24,CIN,3,Home,-21,27,0,2014110600,56304,,201411060cin,3208,400554328,,4,4,222,-250,6.5,-114,103,45.5,-110,100,1,outdoors,fieldturf,42,17,00-0026625,00-0027973,Brian Hoyer,Andy Dalton,Mike Pettine,Marvin Lewis,Jeff Triplette,CIN00,Paul Brown Stadium
TEN,7,BAL,21,Home,14,28,0,2014110900,56305,,201411090rav,3209,400554367,,14,7,423,-500,10.5,-118,107,44.5,-106,-104,0,outdoors,sportturf,57,7,00-0031266,00-0026158,Zach Mettenberger,Joe Flacco,Ken Whisenhunt,John Harbaugh,Walt Coleman,BAL00,M&T Bank Stadium
KC,17,BUF,13,Home,-4,30,0,2014110901,56306,,201411090buf,3210,400554332,,7,14,116,-128,2,-107,-103,42,-107,-103,0,outdoors,a_turf,42,10,00-0023436,00-0023541,Alex Smith,Kyle Orton,Andy Reid,Doug Marrone,Brad Allen,BUF00,Ralph Wilson Stadium
MIA,16,DET,20,Home,4,36,0,2014110902,56307,,201411090det,3211,400554355,,7,14,131,-145,3,-115,104,43,-110,100,0,dome,fieldturf,,,00-0029701,00-0026498,Ryan Tannehill,Matthew Stafford,Joe Philbin,Jim Caldwell,Bill Leavy,DET00,Ford Field
DAL,31,JAX,17,Neutral,-14,48,0,2014110903,56308,,201411090jax,3212,400554358,,7,7,-330,289,-7.5,102,-113,45,-105,-105,0,outdoors,grass,50,3,00-0021678,00-0031407,Tony Romo,Blake Bortles,Jason Garrett,Gus Bradley,John Parry,LON00,Wembley Stadium
SF,27,NO,24,Home,-3,51,1,2014110904,56309,,201411090nor,3213,400554362,,7,10,221,-248,6,100,-110,49.5,100,-110,0,dome,sportturf,,,00-0027974,00-0020531,Colin Kaepernick,Drew Brees,Jim Harbaugh,Sean Payton,Bill Vinovich,NOR00,Mercedes-Benz Superdome
PIT,13,NYJ,20,Home,7,33,0,2014110905,56310,,201411090nyj,3214,400554370,,7,7,-212,190,-4.5,-106,-104,47,100,-110,0,outdoors,fieldturf,58,8,00-0022924,00-0020245,Ben Roethlisberger,Michael Vick,Mike Tomlin,Rex Ryan,Terry McAulay,NYC01,MetLife Stadium
ATL,27,TB,17,Home,-10,44,0,2014110906,56311,,201411090tam,3215,400554372,,14,7,-170,153,-3.5,106,-117,47,-110,100,1,outdoors,grass,64,5,00-0026143,00-0021206,Matt Ryan,Josh McCown,Mike Smith,Lovie Smith,Clete Blakeman,TAM00,Raymond James Stadium
DEN,41,OAK,17,Home,-24,58,0,2014110907,56312,,201411090rai,3216,400554396,,7,7,-650,534,-13,-102,-108,50.5,-105,-105,1,outdoors,grass,68,6,00-0010346,00-0031280,Peyton Manning,Derek Carr,John Fox,Tony Sparano,Carl Cheffers,OAK00,O.co Coliseum
STL,14,ARI,31,Home,17,45,0,2014110908,56313,,201411090crd,3217,400554397,,7,7,264,-300,7,100,-110,43,-105,-105,1,closed,grass,,,00-0028957,00-0021429,Austin Davis,Carson Palmer,Jeff Fisher,Bruce Arians,Ronald Torbert,PHO00,University of Phoenix Stadium
NYG,17,SEA,38,Home,21,55,0,2014110909,56314,,201411090sea,3218,400554400,,6,7,385,-450,9,102,-113,44.5,-103,-107,0,outdoors,fieldturf,50,0,00-0022803,00-0029263,Eli Manning,Russell Wilson,Tom Coughlin,Pete Carroll,Peter Morelli,SEA00,CenturyLink Field
CHI,14,GB,55,Home,41,69,0,2014110910,56315,,201411090gnb,3219,400554403,,14,14,330,-380,9.5,-107,-103,53,-104,-106,1,outdoors,grass,34,5,00-0024226,00-0023459,Jay Cutler,Aaron Rodgers,Marc Trestman,Mike McCarthy,Craig Wrolstad,GNB00,Lambeau Field
CAR,21,PHI,45,Home,24,66,0,2014111000,56316,,201411100phi,3220,400554408,,11,8,293,-335,7,107,-118,48.5,100,-110,0,outdoors,grass,52,5,00-0027939,00-0026898,Cam Newton,Mark Sanchez,Ron Rivera,Chip Kelly,Gene Steratore,PHI00,Lincoln Financial Field
BUF,9,MIA,22,Home,13,31,0,2014111300,56317,,201411130mia,3221,400554338,,4,4,175,-195,4,-114,103,40.5,-113,102,1,outdoors,grass,74,4,00-0023541,00-0029701,Kyle Orton,Ryan Tannehill,Doug Marrone,Joe Philbin,Walt Coleman,MIA00,Sun Life Stadium
ATL,19,CAR,17,Home,-2,36,0,2014111600,56318,,201411160car,3222,400554352,,7,6,-139,126,-2.5,-110,100,46.5,-109,-101,1,outdoors,grass,48,3,00-0026143,00-0027939,Matt Ryan,Cam Newton,Mike Smith,Ron Rivera,Walt Anderson,CAR00,Bank of America Stadium
MIN,13,CHI,21,Home,8,34,0,2014111601,56319,,201411160chi,3223,400554340,,14,7,116,-128,2.5,-103,-107,46.5,-111,101,1,outdoors,grass,31,12,00-0031237,00-0024226,Teddy Bridgewater,Jay Cutler,Mike Zimmer,Marc Trestman,Ronald Torbert,CHI98,Soldier Field
HOU,23,CLE,7,Home,-16,30,0,2014111602,56320,,201411160cle,3224,400554343,,14,10,191,-213,4.5,-107,-103,42,-105,-105,0,outdoors,grass,34,9,00-0028012,00-0026625,Ryan Mallett,Brian Hoyer,Bill O'Brien,Mike Pettine,Ed Hochuli,CLE00,FirstEnergy Stadium
SEA,20,KC,24,Home,4,44,0,2014111604,56322,,201411160kan,3226,400554348,,7,7,-115,104,-1,-107,-103,43.5,-102,-108,0,outdoors,grass,21,8,00-0029263,00-0023436,Russell Wilson,Alex Smith,Pete Carroll,Andy Reid,Bill Leavy,KAN00,Arrowhead Stadium
CIN,27,NO,10,Home,-17,37,0,2014111605,56323,,201411160nor,3227,400554375,,10,7,330,-380,8.5,104,-115,51,-103,-107,0,dome,sportturf,,,00-0027973,00-0020531,Andy Dalton,Drew Brees,Marvin Lewis,Sean Payton,Craig Wrolstad,NOR00,Mercedes-Benz Superdome
SF,16,NYG,10,Home,-6,26,0,2014111606,56324,,201411160nyg,3228,400554387,,7,7,-190,171,-4,102,-112,45,102,-113,0,outdoors,fieldturf,42,0,00-0027974,00-0022803,Colin Kaepernick,Eli Manning,Jim Harbaugh,Tom Coughlin,Gene Steratore,NYC01,MetLife Stadium
DEN,7,STL,22,Home,15,29,0,2014111607,56325,,201411160ram,3229,400554383,,7,7,-355,310,-8,-105,-105,49.5,-108,-102,0,dome,astroplay,,,00-0010346,00-0020679,Peyton Manning,Shaun Hill,John Fox,Jeff Fisher,Tony Corrente,STL00,Edward Jones Dome
TB,27,WAS,7,Home,-20,34,0,2014111608,56326,,201411160was,3230,400554378,,7,14,264,-300,6.5,102,-113,45.5,-106,-104,0,outdoors,grass,45,6,00-0021206,00-0029665,Josh McCown,Robert Griffin,Lovie Smith,Jay Gruden,Bill Vinovich,WAS00,FedExField
OAK,6,SD,13,Home,7,19,0,2014111609,56327,,201411160sdg,3231,400554391,,7,14,423,-500,10.5,-123,111,45.5,-104,-106,1,outdoors,grass,72,13,00-0031280,00-0022942,Derek Carr,Philip Rivers,Tony Sparano,Mike McCoy,Jeff Triplette,SDG00,Qualcomm Stadium
DET,6,ARI,14,Home,8,20,0,2014111610,56328,,201411160crd,3232,400554414,,7,7,-115,104,-1,-108,-102,41.5,-110,100,0,closed,grass,,,00-0026498,00-0025430,Matthew Stafford,Drew Stanton,Jim Caldwell,Bruce Arians,Jerome Boger,PHO00,University of Phoenix Stadium
PHI,20,GB,53,Home,33,73,0,2014111603,56321,,201411160gnb,3225,400554345,,6,7,180,-200,4.5,-117,106,55.5,-120,109,0,outdoors,grass,28,13,00-0026898,00-0023459,Mark Sanchez,Aaron Rodgers,Chip Kelly,Mike McCarthy,Carl Cheffers,GNB00,Lambeau Field
NE,42,IND,20,Home,-22,62,0,2014111611,56329,,201411160clt,3233,400554417,,14,13,144,-160,3,102,-113,58,-102,-108,0,closed,fieldturf,,,00-0019596,00-0029668,Tom Brady,Andrew Luck,Bill Belichick,Chuck Pagano,Peter Morelli,IND00,Lucas Oil Stadium
PIT,27,TEN,24,Home,-3,51,0,2014111700,56330,,201411170oti,3234,400554421,,8,8,-308,271,-7,100,-110,46.5,-105,-105,0,outdoors,grass,25,9,00-0022924,00-0031266,Ben Roethlisberger,Zach Mettenberger,Mike Tomlin,Ken Whisenhunt,Brad Allen,NAS00,LP Field
KC,20,OAK,24,Home,4,44,0,2014112000,56331,,201411200rai,3235,400554293,,4,4,-330,289,-7.5,107,-118,42,-102,-108,1,outdoors,grass,57,6,00-0023436,00-0031280,Alex Smith,Derek Carr,Andy Reid,Tony Sparano,John Parry,OAK00,O.co Coliseum
CLE,26,ATL,24,Home,-2,50,0,2014112300,56332,,201411230atl,3236,400554317,,7,7,131,-145,3,-119,108,48.5,-110,100,0,dome,fieldturf,,,00-0026625,00-0026143,Brian Hoyer,Matt Ryan,Mike Pettine,Mike Smith,Brad Allen,ATL00,Georgia Dome
TB,13,CHI,21,Home,8,34,0,2014112302,56334,,201411230chi,3238,400554333,,7,7,181,-202,4,100,-110,47,100,-110,0,outdoors,grass,54,12,00-0021206,00-0024226,Josh McCown,Jay Cutler,Lovie Smith,Marc Trestman,Walt Coleman,CHI98,Soldier Field
CIN,22,HOU,13,Home,-9,35,0,2014112303,56335,,201411230htx,3239,400554329,,7,7,135,-149,3,-110,100,44.5,-101,-109,0,closed,grass,,,00-0027973,00-0028012,Andy Dalton,Ryan Mallett,Marvin Lewis,Bill O'Brien,Terry McAulay,HOU00,NRG Stadium
JAX,3,IND,23,Home,20,26,0,2014112304,56336,,201411230clt,3240,400554326,,14,7,569,-700,13,-113,102,49,-105,-105,1,closed,fieldturf,,,00-0031407,00-0029668,Blake Bortles,Andrew Luck,Gus Bradley,Chuck Pagano,Ed Hochuli,IND00,Lucas Oil Stadium
GB,24,MIN,21,Home,-3,45,0,2014112305,56337,,201411230min,3241,400554324,,7,7,-340,297,-7.5,102,-113,50,-110,100,1,outdoors,fieldturf,49,0,00-0023459,00-0031237,Aaron Rodgers,Teddy Bridgewater,Mike McCarthy,Mike Zimmer,Clete Blakeman,MIN98,TCF Bank Stadium
DET,9,NE,34,Home,25,43,0,2014112306,56338,,201411230nwe,3242,400554322,,7,7,273,-310,7.5,-123,111,47.5,100,-110,0,outdoors,fieldturf,58,7,00-0026498,00-0019596,Matthew Stafford,Tom Brady,Jim Caldwell,Bill Belichick,Tony Corrente,BOS00,Gillette Stadium
TEN,24,PHI,43,Home,19,67,0,2014112307,56339,,201411230phi,3243,400554320,,6,7,498,-600,11,-108,-102,49,-103,-107,0,outdoors,grass,54,7,00-0031266,00-0026898,Zach Mettenberger,Mark Sanchez,Ken Whisenhunt,Chip Kelly,Jerome Boger,PHI00,Lincoln Financial Field
STL,24,SD,27,Home,3,51,0,2014112308,56340,,201411230sdg,3244,400554360,,7,7,175,-195,4,-109,-101,43.5,-102,-108,0,outdoors,grass,72,5,00-0020679,00-0022942,Shaun Hill,Philip Rivers,Jeff Fisher,Mike McCoy,Carl Cheffers,SDG00,Qualcomm Stadium
ARI,3,SEA,19,Home,16,22,0,2014112309,56341,,201411230sea,3245,400554357,,7,7,314,-360,7.5,100,-110,42,-102,-108,1,outdoors,fieldturf,51,10,00-0025430,00-0029263,Drew Stanton,Russell Wilson,Bruce Arians,Pete Carroll,Gene Steratore,SEA00,CenturyLink Field
MIA,36,DEN,39,Home,3,75,0,2014112310,56342,,201411230den,3246,400554364,,10,7,252,-285,6.5,104,-115,47.5,-101,-109,0,outdoors,grass,39,6,00-0029701,00-0010346,Ryan Tannehill,Peyton Manning,Joe Philbin,John Fox,Jeff Triplette,DEN00,Sports Authority Field at Mile High
WAS,13,SF,17,Home,4,30,0,2014112311,56343,,201411230sfo,3247,400554365,,7,7,361,-420,9,100,-110,44,-110,100,0,outdoors,grass,62,9,00-0029665,00-0027974,Robert Griffin,Colin Kaepernick,Jay Gruden,Jim Harbaugh,Walt Anderson,SFO01,Levi's Stadium
DAL,31,NYG,28,Home,-3,59,0,2014112312,56344,,201411230nyg,3248,400554369,,14,7,-202,181,-4,-110,100,48.5,-108,-102,1,outdoors,fieldturf,51,2,00-0021678,00-0022803,Tony Romo,Eli Manning,Jason Garrett,Tom Coughlin,Bill Vinovich,NYC01,MetLife Stadium
NYJ,3,BUF,38,Neutral,35,41,0,2014112301,56333,,201411240buf,3237,400607990,,15,11,129,-143,2.5,107,-118,42,-110,100,1,dome,fieldturf,,,00-0020245,00-0023541,Michael Vick,Kyle Orton,Rex Ryan,Doug Marrone,Peter Morelli,DET00,Ford Field
BAL,34,NO,27,Home,-7,61,0,2014112400,56345,,201411240nor,3249,400554394,,15,8,121,-134,2.5,-101,-109,50.5,-115,104,0,dome,sportturf,,,00-0026158,00-0020531,Joe Flacco,Drew Brees,John Harbaugh,Sean Payton,Bill Leavy,NOR00,Mercedes-Benz Superdome
CHI,17,DET,34,Home,17,51,0,2014112700,56346,,201411270det,3250,400554281,,4,4,289,-330,7.5,-107,-103,46,100,-110,1,dome,fieldturf,,,00-0024226,00-0026498,Jay Cutler,Matthew Stafford,Marc Trestman,Jim Caldwell,Bill Vinovich,DET00,Ford Field
PHI,33,DAL,10,Home,-23,43,0,2014112701,56347,,201411270dal,3251,400554285,,4,4,144,-160,3,100,-110,56.5,-102,-108,1,closed,matrixturf,,,00-0026898,00-0021678,Mark Sanchez,Tony Romo,Chip Kelly,Jason Garrett,Clete Blakeman,DAL00,AT&T Stadium
SEA,19,SF,3,Home,-16,22,0,2014112702,56348,,201411270sfo,3252,400554289,,4,4,103,-114,1,-103,-107,40,-106,-104,1,outdoors,grass,68,0,00-0029263,00-0027974,Russell Wilson,Colin Kaepernick,Pete Carroll,Jim Harbaugh,Tony Corrente,SFO01,Levi's Stadium
SD,34,BAL,33,Home,-1,67,0,2014113000,56349,,201411300rav,3253,400554323,,7,6,256,-290,6.5,104,-115,45.5,-108,-102,0,outdoors,sportturf,54,8,00-0022942,00-0026158,Philip Rivers,Joe Flacco,Mike McCoy,John Harbaugh,Walt Anderson,BAL00,M&T Bank Stadium
CLE,10,BUF,26,Home,16,36,0,2014113001,56350,,201411300buf,3254,400554321,,7,6,156,-173,3,108,-119,42,-108,-102,0,outdoors,a_turf,57,17,00-0026625,00-0023541,Brian Hoyer,Kyle Orton,Mike Pettine,Doug Marrone,Jerome Boger,BUF00,Ralph Wilson Stadium
TEN,21,HOU,45,Home,24,66,0,2014113002,56351,,201411300htx,3255,400554316,,7,7,252,-285,7,-117,106,43,-105,-105,1,closed,grass,,,00-0031266,00-0023682,Zach Mettenberger,Ryan Fitzpatrick,Ken Whisenhunt,Bill O'Brien,Jeff Triplette,HOU00,NRG Stadium
WAS,27,IND,49,Home,22,76,0,2014113003,56352,,201411300clt,3256,400554292,,7,7,338,-390,7.5,-104,-106,48.5,-113,102,0,closed,fieldturf,,,00-0027688,00-0029668,Colt McCoy,Andrew Luck,Jay Gruden,Chuck Pagano,John Parry,IND00,Lucas Oil Stadium
NYG,24,JAX,25,Home,1,49,0,2014113004,56353,,201411300jax,3257,400554327,,7,7,-152,137,-3,100,-110,44,100,-110,0,outdoors,grass,71,5,00-0022803,00-0031407,Eli Manning,Blake Bortles,Tom Coughlin,Gus Bradley,Craig Wrolstad,JAX00,EverBank Field
CAR,13,MIN,31,Home,18,44,0,2014113005,56354,,201411300min,3258,400554363,,14,7,129,-143,2.5,108,-119,41.5,-103,-107,0,outdoors,fieldturf,12,17,00-0027939,00-0031237,Cam Newton,Teddy Bridgewater,Ron Rivera,Mike Zimmer,Brad Allen,MIN98,TCF Bank Stadium
NO,35,PIT,32,Home,-3,67,0,2014113006,56355,,201411300pit,3259,400554359,,6,13,166,-185,3.5,100,-110,54.5,-107,-103,0,outdoors,grass,63,15,00-0020531,00-0022924,Drew Brees,Ben Roethlisberger,Sean Payton,Mike Tomlin,Peter Morelli,PIT00,Heinz Field
OAK,0,STL,52,Home,52,52,0,2014113007,56356,,201411300ram,3260,400554354,,10,7,256,-290,6.5,102,-113,43,-107,-103,0,dome,astroplay,,,00-0031280,00-0020679,Derek Carr,Shaun Hill,Tony Sparano,Jeff Fisher,Gene Steratore,STL00,Edward Jones Dome
CIN,14,TB,13,Home,-1,27,0,2014113008,56357,,201411300tam,3261,400554330,,7,7,-235,210,-6,102,-113,43.5,-109,-101,0,outdoors,grass,77,7,00-0027973,00-0021206,Andy Dalton,Josh McCown,Marvin Lewis,Lovie Smith,Bill Leavy,TAM00,Raymond James Stadium
ARI,18,ATL,29,Home,11,47,0,2014113009,56358,,201411300atl,3262,400554368,,7,7,-117,106,-1.5,-102,-108,45.5,102,-112,0,dome,fieldturf,,,00-0025430,00-0026143,Drew Stanton,Matt Ryan,Bruce Arians,Mike Smith,Terry McAulay,ATL00,Georgia Dome
NE,21,GB,26,Home,5,47,0,2014113010,56359,,201411300gnb,3263,400554371,,7,7,144,-160,3,100,-110,57,-108,-102,0,outdoors,grass,28,14,00-0019596,00-0023459,Tom Brady,Aaron Rodgers,Bill Belichick,Mike McCarthy,Ed Hochuli,GNB00,Lambeau Field
DEN,29,KC,16,Home,-13,45,0,2014113011,56360,,201411300kan,3264,400554395,,7,10,-101,-109,1,-108,-102,49,-105,-105,1,outdoors,grass,27,18,00-0010346,00-0023436,Peyton Manning,Alex Smith,John Fox,Andy Reid,Walt Coleman,KAN00,Arrowhead Stadium
MIA,16,NYJ,13,Home,-3,29,0,2014120100,56361,,201412010nyj,3265,400554399,,8,7,-305,269,-6.5,-116,105,41.5,-103,-107,1,outdoors,fieldturf,42,6,00-0029701,00-0030565,Ryan Tannehill,Geno Smith,Joe Philbin,Rex Ryan,Ronald Torbert,NYC01,MetLife Stadium
DAL,41,CHI,28,Home,-13,69,0,2014120400,56362,,201412040chi,3266,400554349,,7,7,-187,168,-3.5,-105,-105,50.5,-106,-104,0,outdoors,grass,35,5,00-0021678,00-0024226,Tony Romo,Jay Cutler,Jason Garrett,Marc Trestman,Ed Hochuli,CHI98,Soldier Field
PIT,42,CIN,21,Home,-21,63,0,2014120700,56363,,201412070cin,3267,400554374,,7,7,126,-139,3,-117,106,47,-111,101,1,outdoors,fieldturf,39,8,00-0022924,00-0027973,Ben Roethlisberger,Andy Dalton,Mike Tomlin,Marvin Lewis,Tony Corrente,CIN00,Paul Brown Stadium
IND,25,CLE,24,Home,-1,49,0,2014120701,56364,,201412070cle,3268,400554422,,7,7,-154,139,-3,-105,-105,50,-103,-107,0,outdoors,grass,37,10,00-0029668,00-0026625,Andrew Luck,Brian Hoyer,Chuck Pagano,Mike Pettine,Clete Blakeman,CLE00,FirstEnergy Stadium
TB,17,DET,34,Home,17,51,0,2014120702,56365,,201412070det,3269,400554424,,7,10,408,-480,10.5,-115,104,42,-102,-108,0,dome,fieldturf,,,00-0021206,00-0026498,Josh McCown,Matthew Stafford,Lovie Smith,Jim Caldwell,Jeff Triplette,DET00,Ford Field
HOU,27,JAX,13,Home,-14,40,0,2014120703,56366,,201412070jax,3270,400554426,,7,7,-274,243,-6.5,-110,100,41.5,-102,-108,1,outdoors,grass,61,15,00-0023682,00-0031407,Ryan Fitzpatrick,Blake Bortles,Bill O'Brien,Gus Bradley,Carl Cheffers,JAX00,EverBank Field
BAL,28,MIA,13,Home,-15,41,0,2014120704,56367,,201412070mia,3271,400554419,,7,6,146,-162,3,104,-115,45,-105,-105,0,outdoors,grass,76,10,00-0026158,00-0029701,Joe Flacco,Ryan Tannehill,John Harbaugh,Joe Philbin,John Parry,MIA00,Sun Life Stadium
NYJ,24,MIN,30,Home,6,54,1,2014120705,56368,,201412070min,3272,400554416,,6,7,195,-218,4.5,-105,-105,40.5,-110,100,0,outdoors,fieldturf,32,17,00-0030565,00-0031237,Geno Smith,Teddy Bridgewater,Rex Ryan,Mike Zimmer,Jerome Boger,MIN98,TCF Bank Stadium
CAR,41,NO,10,Home,-31,51,0,2014120706,56369,,201412070nor,3273,400554388,,7,7,346,-400,8.5,-105,-105,50.5,-106,-104,1,dome,sportturf,,,00-0027939,00-0020531,Cam Newton,Drew Brees,Ron Rivera,Sean Payton,Walt Coleman,NOR00,Mercedes-Benz Superdome
NYG,36,TEN,7,Home,-29,43,0,2014120707,56370,,201412070oti,3274,400554384,,7,7,-143,129,-3,102,-113,46.5,-107,-103,0,outdoors,grass,45,6,00-0022803,00-0031266,Eli Manning,Zach Mettenberger,Tom Coughlin,Ken Whisenhunt,Walt Anderson,NAS00,LP Field
STL,24,WAS,0,Home,-24,24,0,2014120708,56371,,201412070was,3275,400554379,,7,7,-134,121,-2.5,-105,-105,44.5,-110,100,0,outdoors,grass,45,8,00-0020679,00-0027688,Shaun Hill,Colt McCoy,Jeff Fisher,Jay Gruden,Brad Allen,WAS00,FedExField
KC,14,ARI,17,Home,3,31,0,2014120709,56372,,201412070crd,3276,400554429,,7,7,-145,131,-2.5,-123,111,41.5,-103,-107,0,closed,grass,,,00-0023436,00-0025430,Alex Smith,Drew Stanton,Andy Reid,Bruce Arians,Craig Wrolstad,PHO00,University of Phoenix Stadium
BUF,17,DEN,24,Home,7,41,0,2014120710,56373,,201412070den,3277,400554428,,7,7,346,-400,9,-108,-102,47,-107,-103,0,outdoors,grass,63,3,00-0023541,00-0010346,Kyle Orton,Peyton Manning,Doug Marrone,John Fox,Ronald Torbert,DEN00,Sports Authority Field at Mile High
SF,13,OAK,24,Home,11,37,0,2014120711,56374,,201412070rai,3278,400554431,,10,7,-362,315,-8,-104,-106,40,-105,-105,0,outdoors,grass,63,0,00-0027974,00-0031280,Colin Kaepernick,Derek Carr,Jim Harbaugh,Tony Sparano,Terry McAulay,OAK00,O.co Coliseum
SEA,24,PHI,14,Home,-10,38,0,2014120712,56375,,201412070phi,3279,400554430,,10,10,-123,111,-1.5,-108,-102,48,-105,-105,0,outdoors,grass,45,15,00-0029263,00-0026898,Russell Wilson,Mark Sanchez,Pete Carroll,Chip Kelly,Bill Vinovich,PHI00,Lincoln Financial Field
NE,23,SD,14,Home,-9,37,0,2014120713,56376,,201412070sdg,3280,400554432,,7,7,-208,186,-4,-109,-101,53,-106,-104,0,outdoors,grass,67,7,00-0019596,00-0022942,Tom Brady,Philip Rivers,Bill Belichick,Mike McCoy,Bill Leavy,SDG00,Qualcomm Stadium
ATL,37,GB,43,Home,6,80,0,2014120800,56377,,201412080gnb,3281,400554433,,8,8,590,-730,13.5,-103,-107,54.5,-102,-108,0,outdoors,grass,33,0,00-0026143,00-0023459,Matt Ryan,Aaron Rodgers,Mike Smith,Mike McCarthy,Peter Morelli,GNB00,Lambeau Field
ARI,12,STL,6,Home,-6,18,0,2014121100,56378,,201412110ram,3282,400554342,,4,4,227,-255,6,-101,-109,40.5,100,-110,1,dome,astroplay,,,00-0025430,00-0020679,Drew Stanton,Shaun Hill,Bruce Arians,Jeff Fisher,Walt Coleman,STL00,Edward Jones Dome
PIT,27,ATL,20,Home,-7,47,0,2014121400,56379,,201412140atl,3283,400554346,,7,6,-150,136,-3,102,-113,55,-108,-102,0,dome,fieldturf,,,00-0022924,00-0026143,Ben Roethlisberger,Matt Ryan,Mike Tomlin,Mike Smith,Clete Blakeman,ATL00,Georgia Dome
JAX,12,BAL,20,Home,8,32,0,2014121401,56380,,201412140rav,3284,400554382,,7,7,638,-800,14,-105,-105,44.5,100,-110,0,outdoors,sportturf,47,3,00-0031407,00-0026158,Blake Bortles,Joe Flacco,Gus Bradley,John Harbaugh,Tony Corrente,BAL00,M&T Bank Stadium
GB,13,BUF,21,Home,8,34,0,2014121402,56381,,201412140buf,3285,400554386,,6,7,-172,155,-3.5,104,-115,49.5,-102,-108,0,outdoors,a_turf,38,10,00-0023459,00-0023541,Aaron Rodgers,Kyle Orton,Mike McCarthy,Doug Marrone,Bill Leavy,BUF00,Ralph Wilson Stadium
TB,17,CAR,19,Home,2,36,0,2014121403,56382,,201412140car,3286,400554390,,7,7,166,-185,3.5,-107,-103,41,-101,-109,1,outdoors,grass,60,0,00-0021206,00-0023645,Josh McCown,Derek Anderson,Lovie Smith,Ron Rivera,Ronald Torbert,CAR00,Bank of America Stadium
CIN,30,CLE,0,Home,-30,30,0,2014121404,56383,,201412140cle,3287,400554392,,7,7,126,-139,2.5,102,-113,44,-102,-108,1,outdoors,grass,43,7,00-0027973,00-0031409,Andy Dalton,Johnny Manziel,Marvin Lewis,Mike Pettine,Walt Anderson,CLE00,FirstEnergy Stadium
HOU,10,IND,17,Home,7,27,0,2014121406,56385,,201412140clt,3289,400554380,,7,7,273,-310,7,-102,-108,49,-108,-102,1,closed,fieldturf,,,00-0023682,00-0029668,Ryan Fitzpatrick,Andrew Luck,Bill O'Brien,Chuck Pagano,Gene Steratore,IND00,Lucas Oil Stadium
OAK,13,KC,31,Home,18,44,0,2014121407,56386,,201412140kan,3290,400554376,,7,7,423,-500,11,-110,100,41.5,-105,-105,1,outdoors,grass,58,16,00-0031280,00-0023436,Derek Carr,Alex Smith,Tony Sparano,Andy Reid,Jerome Boger,KAN00,Arrowhead Stadium
MIA,13,NE,41,Home,28,54,0,2014121408,56387,,201412140nwe,3291,400554353,,7,7,361,-420,9.5,-105,-105,49,100,-110,1,outdoors,fieldturf,43,9,00-0029701,00-0019596,Ryan Tannehill,Tom Brady,Joe Philbin,Bill Belichick,Bill Vinovich,BOS00,Gillette Stadium
WAS,13,NYG,24,Home,11,37,0,2014121409,56388,,201412140nyg,3292,400554350,,7,7,264,-300,7,-116,105,46.5,102,-113,1,outdoors,fieldturf,43,9,00-0027688,00-0022803,Colt McCoy,Eli Manning,Jay Gruden,Tom Coughlin,Jeff Triplette,NYC01,MetLife Stadium
DEN,22,SD,10,Home,-12,32,0,2014121410,56389,,201412140sdg,3293,400554420,,7,7,-190,171,-4,-108,-102,49,-104,-106,1,outdoors,grass,64,6,00-0010346,00-0022942,Peyton Manning,Philip Rivers,John Fox,Mike McCoy,Craig Wrolstad,SDG00,Qualcomm Stadium
NYJ,16,TEN,11,Home,-5,27,0,2014121411,56390,,201412140oti,3294,400554418,,7,7,-186,167,-3.5,102,-113,42,-102,-108,0,outdoors,grass,54,6,00-0030565,00-0027946,Geno Smith,Jake Locker,Rex Ryan,Ken Whisenhunt,John Parry,NAS00,LP Field
MIN,14,DET,16,Home,2,30,0,2014121405,56384,,201412140det,3288,400554415,,7,7,305,-350,8,-109,-101,42.5,-105,-105,1,dome,fieldturf,,,00-0031237,00-0026498,Teddy Bridgewater,Matthew Stafford,Mike Zimmer,Jim Caldwell,Peter Morelli,DET00,Ford Field
SF,7,SEA,17,Home,10,24,0,2014121412,56391,,201412140sea,3295,400554423,,7,7,369,-430,10,-120,109,38,-108,-102,1,outdoors,fieldturf,46,4,00-0027974,00-0029263,Colin Kaepernick,Russell Wilson,Jim Harbaugh,Pete Carroll,Ed Hochuli,SEA00,CenturyLink Field
DAL,38,PHI,27,Home,-11,65,0,2014121413,56392,,201412140phi,3296,400554425,,10,7,144,-159,3.5,-123,111,54.5,-103,-107,1,outdoors,grass,41,9,00-0021678,00-0026898,Tony Romo,Mark Sanchez,Jason Garrett,Chip Kelly,Terry McAulay,PHI00,Lincoln Financial Field
NO,31,CHI,15,Home,-16,46,0,2014121500,56393,,201412150chi,3297,400554427,,8,11,-177,159,-3,-123,111,53.5,100,-110,0,outdoors,grass,44,5,00-0020531,00-0024226,Drew Brees,Jay Cutler,Sean Payton,Marc Trestman,Carl Cheffers,CHI98,Soldier Field
TEN,13,JAX,21,Home,8,34,0,2014121800,56394,,201412180jax,3298,400554356,,4,4,176,-196,4,-107,-103,39,-108,-102,1,outdoors,grass,58,2,00-0024296,00-0031407,Charlie Whitehurst,Blake Bortles,Ken Whisenhunt,Gus Bradley,Clete Blakeman,JAX00,EverBank Field
PHI,24,WAS,27,Home,3,51,0,2014122000,56396,,201412200was,3300,400554366,,6,6,-315,277,-7,-105,-105,51,-103,-107,1,outdoors,grass,37,0,00-0026898,00-0029665,Mark Sanchez,Robert Griffin,Chip Kelly,Jay Gruden,Carl Cheffers,WAS00,FedExField
SD,38,SF,35,Home,-3,73,1,2014122001,56395,,201412200sfo,3299,400554361,,6,6,116,-128,2,100,-110,40.5,-102,-108,0,outdoors,grass,61,5,00-0022942,00-0027974,Philip Rivers,Colin Kaepernick,Mike McCoy,Jim Harbaugh,Jeff Triplette,SFO01,Levi's Stadium
CLE,13,CAR,17,Home,4,30,0,2014122100,56397,,201412210car,3301,400554402,,7,7,211,-236,6,-102,-108,40,-102,-108,0,outdoors,grass,48,3,00-0031409,00-0027939,Johnny Manziel,Cam Newton,Mike Pettine,Ron Rivera,Ed Hochuli,CAR00,Bank of America Stadium
DET,20,CHI,14,Home,-6,34,0,2014122101,56398,,201412210chi,3302,400554401,,7,6,-410,354,-10,100,-110,44.5,-103,-107,1,outdoors,grass,36,13,00-0026498,00-0027659,Matthew Stafford,Jimmy Clausen,Jim Caldwell,Marc Trestman,Gene Steratore,CHI98,Soldier Field
BAL,13,HOU,25,Home,12,38,0,2014122102,56399,,201412210htx,3303,400554398,,7,7,-242,216,-6,-105,-105,42,-110,100,0,closed,grass,,,00-0026158,00-0028986,Joe Flacco,Case Keenum,John Harbaugh,Bill O'Brien,Walt Coleman,HOU00,NRG Stadium
MIN,35,MIA,37,Home,2,72,0,2014122103,56400,,201412210mia,3304,400554373,,7,7,201,-225,4.5,-104,-106,42,-109,-101,0,outdoors,grass,80,9,00-0031237,00-0029701,Teddy Bridgewater,Ryan Tannehill,Mike Zimmer,Joe Philbin,Tony Corrente,MIA00,Sun Life Stadium
ATL,30,NO,14,Home,-16,44,0,2014122104,56401,,201412210nor,3305,400554406,,7,6,208,-233,6,-107,-103,56,-103,-107,1,dome,sportturf,,,00-0026143,00-0020531,Matt Ryan,Drew Brees,Mike Smith,Sean Payton,John Parry,NOR00,Mercedes-Benz Superdome
NE,17,NYJ,16,Home,-1,33,0,2014122105,56402,,201412210nyj,3306,400554436,,7,7,-450,385,-10,107,-118,47,-103,-107,1,outdoors,fieldturf,34,9,00-0019596,00-0030565,Tom Brady,Geno Smith,Bill Belichick,Rex Ryan,Brad Allen,NYC01,MetLife Stadium
KC,12,PIT,20,Home,8,32,0,2014122106,56403,,201412210pit,3307,400554434,,7,7,121,-134,2.5,-103,-107,49.5,-104,-106,0,outdoors,grass,36,1,00-0023436,00-0022924,Alex Smith,Ben Roethlisberger,Andy Reid,Mike Tomlin,Ronald Torbert,PIT00,Heinz Field
GB,20,TB,3,Home,-17,23,0,2014122107,56404,,201412210tam,3308,400554410,,7,7,-630,520,-11.5,102,-113,48.5,-108,-102,0,outdoors,grass,75,7,00-0023459,00-0021206,Aaron Rodgers,Josh McCown,Mike McCarthy,Lovie Smith,Terry McAulay,TAM00,Raymond James Stadium
NYG,37,STL,27,Home,-10,64,0,2014122108,56405,,201412210ram,3309,400554439,,7,10,256,-290,7,-115,104,43.5,100,-110,0,dome,astroplay,,,00-0022803,00-0020679,Eli Manning,Shaun Hill,Tom Coughlin,Jeff Fisher,Peter Morelli,STL00,Edward Jones Dome
IND,7,DAL,42,Home,35,49,0,2014122109,56406,,201412210dal,3310,400554444,,7,7,160,-178,3.5,-109,-101,53,-108,-102,0,closed,matrixturf,,,00-0029668,00-0021678,Andrew Luck,Tony Romo,Chuck Pagano,Jason Garrett,Bill Leavy,DAL00,AT&T Stadium
BUF,24,OAK,26,Home,2,50,0,2014122110,56407,,201412210rai,3311,400554442,,7,7,-290,256,-7,102,-113,42,-105,-105,0,outdoors,grass,64,10,00-0023541,00-0031280,Kyle Orton,Derek Carr,Doug Marrone,Tony Sparano,Craig Wrolstad,OAK00,O.co Coliseum
SEA,35,ARI,6,Home,-29,41,0,2014122111,56408,,201412210crd,3312,400554447,,7,10,-390,338,-9.5,-102,-108,36.5,-110,100,1,closed,grass,,,00-0029263,00-0029531,Russell Wilson,Ryan Lindley,Pete Carroll,Bruce Arians,Walt Anderson,PHO00,University of Phoenix Stadium
DEN,28,CIN,37,Home,9,65,0,2014122200,56409,,201412220cin,3313,400554449,,8,8,-190,171,-3.5,-105,-105,47,102,-113,0,outdoors,fieldturf,47,8,00-0010346,00-0027973,Peyton Manning,Andy Dalton,John Fox,Marvin Lewis,Bill Vinovich,CIN00,Paul Brown Stadium
CLE,10,BAL,20,Home,10,30,0,2014122801,56411,,201412280rav,3315,400554405,,7,7,760,-1000,14,-113,102,40,-102,-108,1,outdoors,sportturf,54,5,00-0030661,00-0026158,Connor Shaw,Joe Flacco,Mike Pettine,John Harbaugh,Gene Steratore,BAL00,M&T Bank Stadium
JAX,17,HOU,23,Home,6,40,0,2014122803,56413,,201412280htx,3317,400554412,,10,7,346,-400,8.5,-106,-104,38.5,-109,-101,1,closed,grass,,,00-0031407,00-0028986,Blake Bortles,Case Keenum,Gus Bradley,Bill O'Brien,John Parry,HOU00,NRG Stadium
SD,7,KC,19,Home,12,26,0,2014122804,56414,,201412280kan,3318,400554413,,8,7,137,-152,3,-104,-106,42.5,-102,-108,1,outdoors,grass,31,7,00-0022942,00-0026544,Philip Rivers,Chase Daniel,Mike McCoy,Andy Reid,Peter Morelli,KAN00,Arrowhead Stadium
NYJ,37,MIA,24,Home,-13,61,0,2014122805,56415,,201412280mia,3319,400554435,,7,7,281,-320,7,100,-110,41,-107,-103,1,outdoors,grass,80,12,00-0030565,00-0029701,Geno Smith,Ryan Tannehill,Rex Ryan,Joe Philbin,Craig Wrolstad,MIA00,Sun Life Stadium
CHI,9,MIN,13,Home,4,22,0,2014122806,56416,,201412280min,3320,400554437,,7,7,264,-300,7,100,-110,47,-113,102,1,outdoors,fieldturf,15,0,00-0024226,00-0031237,Jay Cutler,Teddy Bridgewater,Marc Trestman,Mike Zimmer,Jeff Triplette,MIN98,TCF Bank Stadium
BUF,17,NE,9,Home,-8,26,0,2014122807,56417,,201412280nwe,3321,400554438,,7,7,195,-218,4.5,100,-110,43.5,-113,102,1,outdoors,fieldturf,49,9,00-0023541,00-0031345,Kyle Orton,Jimmy Garoppolo,Doug Marrone,Bill Belichick,Terry McAulay,BOS00,Gillette Stadium
PHI,34,NYG,26,Home,-8,60,0,2014122808,56418,,201412280nyg,3322,400554440,,8,7,-105,-105,-1,104,-115,51.5,-109,-101,1,outdoors,fieldturf,48,8,00-0026898,00-0022803,Mark Sanchez,Eli Manning,Chip Kelly,Tom Coughlin,Walt Coleman,NYC01,MetLife Stadium
NO,23,TB,20,Home,-3,43,0,2014122810,56420,,201412280tam,3324,400554443,,7,7,-242,216,-6,-102,-108,47,-102,-108,1,outdoors,grass,79,6,00-0020531,00-0021206,Drew Brees,Josh McCown,Sean Payton,Lovie Smith,Brad Allen,TAM00,Raymond James Stadium
IND,27,TEN,10,Home,-17,37,0,2014122811,56421,,201412280oti,3325,400554409,,7,10,-320,281,-7.5,102,-113,46.5,-105,-105,1,outdoors,grass,40,6,00-0029668,00-0024296,Andrew Luck,Charlie Whitehurst,Chuck Pagano,Ken Whisenhunt,Tony Corrente,NAS00,LP Field
DAL,44,WAS,17,Home,-27,61,0,2014122812,56422,,201412280was,3326,400554407,,7,8,-250,222,-6,-107,-103,47.5,-110,100,1,outdoors,grass,58,0,00-0021678,00-0029665,Tony Romo,Robert Griffin,Jason Garrett,Jay Gruden,Jerome Boger,WAS00,FedExField
CAR,34,ATL,3,Home,-31,37,0,2014122800,56410,,201412280atl,3314,400554404,,7,7,116,-128,2.5,-108,-102,48,-103,-107,1,dome,fieldturf,,,00-0027939,00-0026143,Cam Newton,Matt Ryan,Ron Rivera,Mike Smith,Bill Leavy,ATL00,Georgia Dome
OAK,14,DEN,47,Home,33,61,0,2014122813,56423,,201412280den,3327,400554445,,7,6,925,-1300,16.5,100,-110,49,-105,-105,1,outdoors,grass,40,7,00-0031280,00-0010346,Derek Carr,Peyton Manning,Tony Sparano,John Fox,Clete Blakeman,DEN00,Sports Authority Field at Mile High
DET,20,GB,30,Home,10,50,0,2014122802,56412,,201412280gnb,3316,400554411,,7,7,346,-400,9,-110,100,46.5,100,-110,1,outdoors,grass,27,5,00-0026498,00-0023459,Matthew Stafford,Aaron Rodgers,Jim Caldwell,Mike McCarthy,Walt Anderson,GNB00,Lambeau Field
STL,6,SEA,20,Home,14,26,0,2014122815,56425,,201412280sea,3329,400554448,,7,7,446,-530,11,-110,100,41.5,103,-114,1,outdoors,fieldturf,43,5,00-0020679,00-0029263,Shaun Hill,Russell Wilson,Jeff Fisher,Pete Carroll,Ronald Torbert,SEA00,CenturyLink Field
ARI,17,SF,20,Home,3,37,0,2014122814,56424,,201412280sfo,3328,400554446,,7,8,220,-247,6,-110,100,38,-110,100,1,outdoors,grass,51,3,00-0029531,00-0027974,Ryan Lindley,Colin Kaepernick,Bruce Arians,Jim Harbaugh,Carl Cheffers,SFO01,Levi's Stadium
CIN,17,PIT,27,Home,10,44,0,2014122809,56419,,201412280pit,3323,400554441,,6,7,136,-150,3,-110,100,48,100,-110,1,outdoors,grass,37,5,00-0027973,00-0022924,Andy Dalton,Ben Roethlisberger,Marvin Lewis,Mike Tomlin,Ed Hochuli,PIT00,Heinz Field
ARI,16,CAR,27,Home,11,43,0,2015010300,56491,,201501030car,3330,400749512,,6,6,216,-242,5.5,-110,100,37.5,-107,-103,0,outdoors,grass,51,6,00-0029531,00-0027939,Ryan Lindley,Cam Newton,Bruce Arians,Ron Rivera,Ed Hochuli,CAR00,Bank of America Stadium
BAL,30,PIT,17,Home,-13,47,0,2015010301,56492,,201501030pit,3331,400749511,,6,6,146,-162,3,-102,-108,47.5,-105,-105,1,outdoors,grass,48,10,00-0026158,00-0022924,Joe Flacco,Ben Roethlisberger,John Harbaugh,Mike Tomlin,Clete Blakeman,PIT00,Heinz Field
CIN,10,IND,26,Home,16,36,0,2015010400,56493,,201501040clt,3332,400749513,,7,7,181,-202,3.5,100,-110,47,-104,-106,0,closed,fieldturf,,,00-0027973,00-0029668,Andy Dalton,Andrew Luck,Marvin Lewis,Chuck Pagano,Carl Cheffers,IND00,Lucas Oil Stadium
DET,20,DAL,24,Home,4,44,0,2015010401,56494,,201501040dal,3333,400749514,,7,7,231,-260,6,-107,-103,47.5,-106,-104,0,closed,matrixturf,,,00-0026498,00-0021678,Matthew Stafford,Tony Romo,Jim Caldwell,Jason Garrett,Peter Morelli,DAL00,AT&T Stadium
BAL,31,NE,35,Home,4,66,0,2015011000,56495,,201501100nwe,3334,400749515,,7,13,256,-290,7,-116,105,47.5,-105,-105,0,outdoors,fieldturf,20,12,00-0026158,00-0019596,Joe Flacco,Tom Brady,John Harbaugh,Bill Belichick,Bill Vinovich,BOS00,Gillette Stadium
CAR,17,SEA,31,Home,14,48,0,2015011001,56496,,201501100sea,3335,400749516,,7,13,569,-700,13.5,100,-110,40,-110,100,0,outdoors,fieldturf,48,0,00-0027939,00-0029263,Cam Newton,Russell Wilson,Ron Rivera,Pete Carroll,Terry McAulay,SEA00,CenturyLink Field
DAL,21,GB,26,Home,5,47,0,2015011100,56497,,201501110gnb,3336,400749518,,7,14,205,-230,5.5,-105,-105,52.5,104,-115,0,outdoors,grass,24,0,00-0021678,00-0023459,Tony Romo,Aaron Rodgers,Jason Garrett,Mike McCarthy,Gene Steratore,GNB00,Lambeau Field
IND,24,DEN,13,Home,-11,37,0,2015011101,56498,,201501110den,3337,400749517,,7,14,377,-440,9.5,102,-113,53.5,-109,-101,0,outdoors,grass,40,7,00-0029668,00-0010346,Andrew Luck,Peyton Manning,Chuck Pagano,John Fox,Bill Leavy,DEN00,Sports Authority Field at Mile High
GB,22,SEA,28,Home,6,50,1,2015011800,56499,,201501180sea,3338,400749519,,7,8,316,-363,8.5,-102,-108,44.5,-107,-103,0,outdoors,fieldturf,52,15,00-0023459,00-0029263,Aaron Rodgers,Russell Wilson,Mike McCarthy,Pete Carroll,Tony Corrente,SEA00,CenturyLink Field
IND,7,NE,45,Home,38,52,0,2015011801,56500,,201501180nwe,3339,400749520,,7,8,281,-320,7,106,-117,52,100,-110,0,outdoors,fieldturf,51,15,00-0029668,00-0019596,Andrew Luck,Tom Brady,Chuck Pagano,Bill Belichick,Walt Anderson,BOS00,Gillette Stadium
NE,28,SEA,24,Neutral,-4,52,0,2015020100,56502,,201502010sea,3340,400749027,,14,14,-105,-105,-1,101,-109,47,-105,-105,0,closed,grass,,,00-0019596,00-0029263,Tom Brady,Russell Wilson,Bill Belichick,Pete Carroll,Bill Vinovich,PHO00,University of Phoenix Stadium